URL,Lat,Lng,coords_approx
https://ordenconstantiniana.org/it/la-delegacion-de-cataluna-organiza-la-campana-de-navidad-2016-a-favor-del-comedor-social-reina-de-la-paz-de-barcelona,41.42,2.18,False
https://30panxes.wordpress.com/,41.42,2.18,False
https://ajuntament.barcelona.cat/ccivics/elsortidor/p/16621/a-taula-cicle-de-cultura-i-gastronomia,41.37,2.16,False
https://agapeintercultural.org/,41.37,2.16,False
https://www.amb.cat/web/medi-ambient/residus/prevencio/aprofitament-alimentari,41.37,2.13,False
https://abarkacoop.com/ca/,41.37,2.13,False
https://www.alimentacionsindesperdicio.com/actualidad/p/adios-la-verguenza-pedir-las-sobras-la-comida,41.39,2.13,False
https://www.alimentaciosostenible.barcelona/es/semana-ciudadana/programa/visita-la-vivienda-cooperativa-cirerers,41.35,2.12,False
https://www.alimentaria.com/,41.35,2.12,False
https://tienda.allthose.org/,41.39,2.18,False
https://arrandeterra.org/,41.42,2.17,False
https://www.arrelsfundacio.org/es/a-cubierto-una-iniciativa-para-colaborar-desde-casa-con-las-personas-sin-hogar,41.37,2.16,False
https://pamapam.org/directori/arrels-cooperativa-consum-critic-dreta-eixample/,41.4,2.17,False
https://patillimona.net/associacio-cuinant-cultures/,41.38,2.17,False
https://lasagreraesmou.org/,41.42,2.19,False
https://associacioveganacatalunya.org/,41.36,2.15,False
https://www.amicsjbb.org/,41.36,2.15,False
https://agtbaix.cat/,41.3851,2.1734,True
https://www.bcnsostenible.cat/es/web/punt/cooperativa-germinal,41.4005663,2.1500063,False
https://fundaciomiquelagusti.cat/banc-de-llavors/,41.35,2.14,False
https://gestorcrm.bancdelsaliments.org/es/donacion-alimentos-puntual,41.35,2.14,False
https://barlaraiz.org/,41.37,2.16,False
https://barcelonaborngourmet.com/born-street-food/,41.38,2.18,False
https://www.solucionssocials.org/,41.37,2.15,False
https://ca.brotsecosocial.org/,41.39,2.14,False
https://www.cccb.org/es/actividades/ficha/dia-de-la-primavera/228322,41.38,2.16,False
https://www.canricart.com/es/social-2/recogida-de-alimentos,41.47,2.08,False
https://caltemerari.cat/,41.47,2.08,False
https://www.canmasdeu.net/,41.44,2.15,False
https://www.canpujades.org/,41.41,2.09,False
https://canvalent.wordpress.com/,41.43,2.17,False
https://laescocesa.org/ca/programa/casa%20de%20llavors,41.41,2.2,False
https://calisidret.eixpereiv.org/,41.41,2.2,False
https://www.cityplot.org/barcelona,41.39,2.12,False
https://pamapam.org/directori/col-nata-sarria/,41.39,2.12,False
https://www.diba.cat/xarxasost/comissiohorts,41.38,2.14,False
https://cooccio.com/ca/,41.38,2.14,False
https://coopeclot.home.blog/,41.41,2.18,False
https://sites.google.com/site/cooperativaborronets/,41.43,2.19,False
https://pamapam.org/directori/cooperativa-can-baro-can-baro/,41.41,2.16,False
https://www.girasoldesantmarti.net/,41.41,2.2,False
https://coopelaseca.wordpress.com/,41.37,2.16,False
https://cooppamapam.wordpress.com/,41.39,2.18,False
https://ajuntament.barcelona.cat/casalsdebarrihg/cbpirineu/entitats/entitat/Cooperativa%20de%20Consum%20Ecol%C3%B2gic%20Pirineu,41.41,2.16,False
https://trementinaires.wordpress.com/,41.41,2.15,False
https://elborro.blogspot.com/,41.43,2.19,False
https://lasenallacooperativaviladegracia.blogspot.com/p/inici.html,41.4,2.15,False
https://www.bcn.coop/,41.36,2.13,False
https://pamapam.org/directori/cooxino/,41.37,2.16,False
https://caritas.barcelona/es/ayuda-a-necesidades-basicas/alimentos-en-parroquias,41.43,2.22,False
https://cuchara.cat/,41.43,2.22,False
https://www.ateneuharmonia.cat/,41.43,2.2,False
https://cancarol.cat/,41.41,2.14,False
https://calabria66.net/cuinacomunitaria/,41.47,2.18,False
https://canbatllo.org/cb/cuina/,41.36,2.13,False
https://somlaclau.org/projectes/cuinem-el-canvi/,41.37,2.16,False
https://www.cydoniabcn.org/index.html,41.4,2.19,False
https://www.boncor.org/,41.37,2.15,False
https://www.instagram.com/desenruna/,41.41,2.14,False
https://www.hijascaridadee.org/es/que-hacemos/obras-sociales/disa-sagrada-familia-barcelona,41.41,2.17,False
https://pamapam.org/directori/ecorocaguinarda-guinardo/,41.41,2.17,False
https://www.ateneu.cat/projectes/ecoateneu/,41.46,2.08,False
https://ajuntament.barcelona.cat/ecologiaurbana/es/plan-buits/edicion-2015/passeig-valldaura-271,41.43,2.18,False
https://www.ejercitodesalvacion.es/sobre-nosotros/nuestra-accion-social,41.4,2.15,False
https://elcaucoop.com/,41.4,2.15,False
https://www.instagram.com/jardidelfenix/,41.37,2.11,False
https://llevat.org/,41.4,2.14,False
https://www.emmaus.cat/,41.38,2.14,False
https://esimperfect.com/,41.31,2.08,False
https://espaiambiental.coop/,41.39,2.17,False
https://comtal.org/que-fem/que-fem/participacio-i-accio-comunitaria/benet-corner/,41.39,2.17,False
https://recreantcruilles.wordpress.com/,41.38,2.15,False
https://esperancabarcelona.com/es,41.3819988,2.1765456,False
https://espigoladors.cat/,41.3851,2.1734,True
https://foodcoopbcn.cat/es,41.38,2.15,False
https://www.alimentaciosostenible.barcelona/ca/terra-i-gust,41.38,2.18,False
https://9bacull.org/festival-de-sopes-del-mon-2/,41.44,2.17,False
https://www.fira-apat.cat/fira-apat-bcn/,41.36,2.1,False
https://foodrelations.org/,41.39,2.18,False
https://www.foodcultura.org/,41.39,2.18,False
https://www.els3turons.org/category/hort-i-jardineria-es,41.423335,2.1612909,False
https://fundacioferrersustainability.org/es/green-for-good/el-jardi-fenix,41.51,2.36,False
https://www.fundacionadsis.org/es/noticias/primera-experiencia-del-proyecto-de-soberania-alimentaria-veu-i-brot,41.3851,2.1734,True
https://fundacionaurea.org/,41.39,2.14,False
https://canpedro.org/,41.37,2.14,False
https://www.fundaciocatalunya-lapedrera.com/es/comer-compania,41.39,2.16,False
https://www.mescladis.org/,41.38,2.15,False
https://www.fundacioroure.org/es/inicio,41.3851,2.1734,True
https://www.fundacionaltius.org/llamamiento-urgente-para-donaciones-en-especie-desde-altius-barcelona,41.3851,2.1734,True
https://www.fundacionausolan.org/project/stop-hambre,41.28,1.98,False
https://www.gastronomicforumbarcelona.com/,41.37,2.15,False
https://www.graciaparticipa.cat/es/projectes/rebost-solidari,41.39,2.18,False
https://gcpixapins.blogspot.com.es/,41.39,2.18,False
https://elguaret.wordpress.com/,41.4,2.17,False
https://pamapam.org/directori/grup-consum-panarra/,41.38,2.13,False
https://metabolicas.sjdhospitalbarcelona.org/consejo/banco-alimentos-ayuda-familias-compra-productos-especiales,41.37,2.15,False
https://www.healthwarriors.es/,41.37,2.15,False
https://naubostik.com/visitans/primera-planta/horstic/,41.42,2.19,False
https://ajuntament.barcelona.cat/ecologiaurbana/ca/serveis/la-ciutat-funciona/manteniment-de-l-espai-public/gestio-del-verd-i-biodiversitat/horts-urbans,41.43,2.16,False
https://hortplaiarmengol.org/,41.41,2.16,False
https://www.hortmirasol.cat/,41.46,2.04,False
https://lasardinetadelabarceloneta.wordpress.com/hort/,41.38,2.19,False
https://www.instagram.com/hort_fortalesa/,41.41,2.2,False
https://centreheura.org/,41.4,2.14,False
https://horturbacoloniacastells.blogspot.com/,41.38,2.13,False
https://caladona.org/hort-de-ca-la-dona/,41.38,2.17,False
https://www.ruralitzem.cat/places/hort-de-la-farigola/,41.41,2.14,False
https://fonttrobada.wordpress.com/,41.37,2.16,False
https://queix.org/hort-esqueix/,41.43,2.16,False
https://www.bcnsostenible.cat/web/punt/hort-del-caliu,41.43,2.16,False
https://hortdelclot.org/,41.41,2.19,False
https://ajuntament.barcelona.cat/ecologiaurbana/ca/cessio-espais/espais-actiu/hort-la-vanguardia,41.39,2.2,False
https://hortdelmercat.barcelona/,41.42,2.14,False
https://www.grupatra.org/servei/programa-horta-gracia/,41.44,2.15,False
https://www.barcelona.zone/ca/hortet-forat,41.38,2.17,False
https://canbatllo.org/cb/horts-i-jardins-comunitaris/,41.36,2.13,False
https://www.instagram.com/hortsec_bcn/,41.37,2.16,False
https://huerto360.com/alquiler-huerto-urbano-en-barcelona,41.41,2.18,False
https://huertocity.com/,41.41,2.18,False
https://huertosurbanosbarcelona.wordpress.com/00_huertos-urbanos-cultivando-barcelona/11-huertos-comunitarios/14-can-masdeu,41.38,2.18,False
https://huertosinthesky.com/,41.38,2.18,False
https://fundacioferrersustainability.org/green-for-good/,41.39,2.1,False
https://www.kalart.org/es/descubre-nuestro-jardin-comunitario-cerca-de-barcelona,41.71,2.42,False
https://karli.es/,41.41,2.19,False
https://kerasbuti.org/,41.35,2.14,False
https://aixada.net/qui-som/,41.4,2.15,False
https://leconomat.cat/,41.36,2.13,False
https://horttomas.com/,41.43,2.13,False
https://www.ruralitzem.cat/places/lhortet-de-les-neus/,41.42,2.16,False
https://olivera.org/ca/,41.38,2.17,False
https://www.lortiga.cat/,41.45,2.03,False
https://www.monestirpedralbes.barcelona/ca/exposicions/lhort-medieval-del-monestir,41.39,2.11,False
https://www.elprat.cat/LaBotiga,41.32,2.08,False
https://canbatllo.org/cb/la-cantina-lab/,41.36,2.13,False
https://lacarmelaverdulera.wordpress.com/,41.42,2.15,False
https://lacebollaroja.wordpress.com/,41.43,2.17,False
https://lacuinaquecanta.org/,41.38,2.15,False
https://ladeskomunal.coop/la-deskomunal/,41.37,2.13,False
https://laescocesa.org/es/programa/casa%20de%20semillas,41.41,2.2,False
https://lafeixa.cat/,41.4,2.15,False
https://cooperativalafresca.blogspot.com/,41.4,2.15,False
https://lagarangola.wordpress.com/,41.4,2.16,False
https://www.garroferadesants.coop/,41.36,2.13,False
https://www.la-merienda.org/,41.39,2.16,False
https://www.barcelona.cat/casalsdebarri/espai210/ca/content/la-nevera-solid%C3%A0ria,41.4,2.17,False
https://www.laruraldecollserola.com/,41.45,2.05,False
https://lasardinetadelabarceloneta.wordpress.com/,41.38,2.19,False
https://www.latavella.cat/,41.3851,2.1734,True
https://rosadefoc.info/la-tofona/,41.39,2.2,False
https://verdurita.wordpress.com/,41.39,2.2,False
https://www.laveganeria.com/es/la-veganeria,41.38,2.17,False
https://les48h.cat/qui-som-replantem/,41.38,2.18,False
https://leshorteres.wordpress.com/,41.38,2.18,False
https://www.lesrefardes.coop/es/quienes-somos/somos-red,41.69,1.97,False
https://lesverduresderoxanne.wordpress.com/,41.4,2.15,False
https://lesvinyesdecanroquetes.blogspot.com.es/,41.44,2.18,False
https://manjaretti.org/ca/,41.4,2.15,False
https://ajuntament.barcelona.cat/ecologiaurbana/ca/mans-al-verd,41.4,2.15,False
https://www.marinafigueroa.com/,41.37,2.16,False
https://massabarcelona.com/,41.37,2.16,False
https://www.meals4hope.org/es/que-hacemos,41.3851,2.1734,True
https://menjaactuaimpacta.org/,41.31,2.08,False
https://menjadorcalarosa.cat/,41.42,2.18,False
https://ateneubnord.cat/menjador-solidari-gregal/,41.41,2.21,False
https://www.fundacioroure.org/,41.38,2.18,False
https://agorgmarbdn.cat/,41.45,2.24,False
https://mihuertaya.com/,41.3851,2.1734,True
https://ajuntament.barcelona.cat/casalsdebarri/es/noticia/nevera-solidaria-un-proyecto-comunitario-que-conciencia-sobre-el-despilfarro-alimenticio-en-sagrada-familia_1290736,41.3851,2.1734,True
https://ateneuharmonia.cat/lateneu/torna-la-nevera-solidaria/,41.4349237,2.1916801,False
https://casalbarrieamp.org/projectes-2/projectes/nevera-solidaria/,41.38,2.14,False
https://ca.nutricionsinfronteras.org/,41.3864709,2.1459602,False
https://olioapp.com/es,41.38,2.17,False
https://opcions.org/es/compostaje-comunitario,41.3915221,2.1746289,False
https://www.ordendemalta.es/esp/exclusion/delegacion-cataluna,41.3851,2.1734,True
https://paisanaje.org/linea-de-trabajo/lujo-comunal,41.3851,2.1734,True
https://pamapam.org/,41.39,2.17,False
https://www.panxacontenta.org/,41.37,2.13,False
https://www.santaagnes.com/EsglesiaCatolica.php?pg=Share&from=Aquesta%20Setmana&article=A6B5E087-C4EA-4460-B262-25B59F5A067F&lg=SP,41.4,2.14,False
https://parroquiasagradafamilia.cat/es/vivir-la-caridad/disa,41.4,2.18,False
https://www.wearephenix.com/es/,41.39,2.15,False
https://pinyolvermell.wordpress.com/,41.39,2.15,False
https://planb.org.es/,41.3851,2.1734,True
https://aprofitemelsaliments.org/,41.39,2.16,False
https://www.pontalimentari.org/,41.39,2.16,False
https://ajuntament.barcelona.cat/ecologiaurbana/ca/pla-buits/espais-en-actiu/portam-a-lhort,41.43,2.17,False
https://www.terrassa.cat/horts,41.39,2.15,False
https://www.fundaciocatalunya-lapedrera.com/ca/dina-companyia,41.39,2.15,False
https://www.alimentaciosostenible.barcelona/ca/que-fem/projecte-alimenta,41.4,2.12,False
https://abd.ong/programas/proyecto-fenix/,41.4,2.12,False
https://botiga.queviure.cat/,41.36,2.11,False
https://www.quierocambiarlo.es/blog/trueques-y-cambios-en-espana,41.41,2.16,False
https://espaiquiro.wordpress.com/,41.41,2.16,False
https://www.graciaparticipa.cat/,41.38,2.18,False
https://ajuntament.barcelona.cat/espaisverds/es/participa/mans-al-verd/red-de-huertos-municipales,41.3851,2.1734,True
https://www.remenat.org/,41.3851,2.1734,True
https://www.restaurantlapau.com/en/,41.3819988,2.1765456,False
https://www.rauxa.org/rauxa.htm,41.4,2.16,False
https://www.revolta.cat/,41.4,2.16,False
https://www.rezero.cat/,41.39,2.16,False
https://www.ridorta.cat/Ridorta._Grup_de_consum_ecologic_dHorta/Inici.html,41.43,2.15,False
https://www.ruralitzem.cat/,41.37,2.16,False
https://www.santegidio.org/pageID/30820/langID/es/COMEDOR-PARA-LOS-POBRES-DE-BARCELONA.html,41.37,2.16,False
https://scienceandcookingworldcongress.com/ca/,41.38,2.16,False
https://ajuntament.barcelona.cat/ecologiaurbana/ca/sembra-natura,41.4,2.15,False
https://ajuntament.barcelona.cat/serveissocials/es/canal/menjadors-socials,41.3851,2.1734,True
https://slowfood.barcelona/index.php,41.37,2.17,False
https://socialfooding.org/,41.39,2.12,False
https://www.solivida.cat/,41.39,2.12,False
https://tma.es/contenedor-solidario,41.3851,2.1734,True
https://www.talkualfoods.com/,41.4,2.16,False
https://tarpunacoop.org/,41.4,2.16,False
https://www.tempsicompromis.org/es/actividades/atencion-social/donaciones.html,41.42,2.17,False
https://www.terrapagesa.cat/ca,41.35,2.14,False
https://thehonestfoodcollective.org/,41.39,2.19,False
https://www.torrelasagrera.cat/projectes-comunitaris/lhort-de-la-torre,41.42,2.19,False
https://ajuntament.barcelona.cat/sants-montjuic/es/el-distrito-y-sus-barrios/el-poble-sec/agenda/taula-d-intercanvi-autogestionat-99400408624,41.35,2.14,False
https://aspasim.es/comunitat/un-hort-per-a-tothom,41.41,2.1,False
https://fundaciogune.org/portfolio/urban-brots/,41.4,2.14,False
https://userda-9.blogspot.com/,41.44,2.18,False
https://pamapam.org/directori/valldures/,41.41,2.14,False
https://vidasana.org/,41.4,2.15,False
https://rosadefoc.info/xarxa-dintercanvi-xaingra/,41.4,2.15,False
https://canbatllo.org/cb/xarxa-daliments/,41.36,2.13,False
https://xarxalimentsgracia.wordpress.com/,41.4,2.16,False
https://www.instagram.com/xarxa.alimentslc/,41.38,2.13,False
https://ateneullibertarigracia.wordpress.com/projectes/,41.4,2.15,False
https://xarxaconsum.org/es/mercados-de-campesinos,41.3992676,2.1648581,False
https://ajuntament.barcelona.cat/centrescivics/es/activitat/breve-guia-de-huertos-urbanos,41.39,2.16,False
https://www.barcelona.cat/barcelonainclusiva/ca/xarxa15.html,41.39,2.16,False
https://www.zerowastebcn.com/,41.4,2.17,False
https://plataformazeo.com/es/recuperar-verduras-feas-ayuda-a-combatir-el-cambio-climatico,41.3851,2.1734,True
https://www.barcelona.cat/infobarcelona/es/tema/ayuntamiento/recogida-de-alimentos-y-productos-basicos-en-catorce-bibliotecas-para-los-afectados-para-los-aguaceros_1450124.html,41.3851,2.1734,True
https://consumoresponsable.org/desperdicioalimentario/buenas-practicas/95-programa-profit-gestion-responsable-de-alimentos-consum,41.38,2.04,False
https://femcompost.org/,41.39,2.17,False
https://www.huertos.org/2013/03/huertos-compartidos,41.3851,2.1734,True
https://www.permaculturactiva.com/10-11-diciembre-curso-de-introduccioacuten-a-la-permacultura-urbana-en-barcelona.html,41.3851,2.1734,True
https://ajuntament.barcelona.cat/serveissocials/es/canal/apats-en-companyia,41.3851,2.1734,True
